id,first_name,last_name,email,gender,ip_address
1,Lanae,Jirus,ljirus0@nytimes.com,Genderqueer,209.121.247.26
2,Vinni,Anwyl,vanwyl1@4shared.com,Female,242.122.209.37
3,Haslett,Gurney,hgurney2@de.vu,Male,82.31.45.11
4,Maximilianus,Shafto,mshafto3@so-net.ne.jp,Genderqueer,229.20.234.196
5,Rosmunda,Kitchenham,rkitchenham4@cornell.edu,Male,240.210.64.120
6,Cortie,Whalley,cwhalley5@jalbum.net,Agender,30.34.106.76
7,Sheffie,Bezants,sbezants6@vinaora.com,Male,98.41.189.11
8,Janeta,Calderbank,jcalderbank7@ask.com,Non-binary,110.50.254.20
9,Pattie,Rigler,prigler8@mapquest.com,Non-binary,206.54.131.165
10,Isaak,Bellhanger,ibellhanger9@joomla.org,Non-binary,218.171.61.19
11,Sholom,Dyka,sdykaa@jugem.jp,Non-binary,126.20.44.202
12,Duke,Cumpsty,dcumpstyb@wordpress.com,Genderfluid,12.234.127.151
13,Nananne,Adelsberg,nadelsbergc@timesonline.co.uk,Agender,138.210.153.43
14,Humberto,Klemencic,hklemencicd@state.gov,Male,47.200.26.40
15,Barnabas,Meachen,bmeachene@trellian.com,Agender,85.15.80.253
16,Harriette,Borwick,hborwickf@google.pl,Agender,113.69.201.252
17,Andrus,Hurworth,ahurworthg@over-blog.com,Female,144.147.248.187
18,Birch,Gillebert,bgilleberth@yolasite.com,Agender,156.4.121.61
19,Randal,Longmaid,rlongmaidi@icio.us,Genderqueer,11.177.33.55
20,Pen,Tingly,ptinglyj@foxnews.com,Non-binary,147.130.214.58
21,Allayne,Biaggioni,abiaggionik@rakuten.co.jp,Bigender,171.145.115.179
22,Zenia,Melton,zmeltonl@multiply.com,Polygender,117.170.52.54
23,Mureil,Kesley,mkesleym@plala.or.jp,Polygender,89.219.115.215
24,Brana,Benet,bbenetn@blogs.com,Non-binary,203.11.137.17
25,Bibby,Sulter,bsultero@360.cn,Polygender,64.94.146.71
26,Margaux,McCrory,mmccroryp@google.co.uk,Genderqueer,73.1.68.213
27,Jory,Calf,jcalfq@deliciousdays.com,Non-binary,12.104.177.122
28,Carroll,Jimes,cjimesr@hhs.gov,Female,168.25.66.53
29,Lissi,Blakeley,lblakeleys@addthis.com,Male,202.229.11.221
30,Damiano,Ormes,dormest@lycos.com,Non-binary,21.118.59.150
31,Milton,Doherty,mdohertyu@hc360.com,Female,17.81.145.169
32,Griff,Galfour,ggalfourv@gov.uk,Polygender,71.174.117.148
33,Cortie,Orcott,corcottw@bloglines.com,Genderfluid,181.216.100.155
34,Rozanna,Berendsen,rberendsenx@engadget.com,Genderqueer,118.189.43.133
35,Meredith,Chapman,mchapmany@admin.ch,Non-binary,49.53.24.56
36,Simonne,Porteous,sporteousz@ehow.com,Non-binary,61.152.59.10
37,Tim,Kliement,tkliement10@wordpress.com,Agender,12.186.42.215
38,Catharina,Young,cyoung11@printfriendly.com,Agender,81.145.160.164
39,Robbyn,O'Doherty,rodoherty12@soundcloud.com,Polygender,40.163.198.42
40,Gayleen,MacSkeagan,gmacskeagan13@yolasite.com,Genderqueer,1.127.166.118
41,Addie,Edward,aedward14@example.com,Genderfluid,28.211.244.28
42,Geoffrey,Banger,gbanger15@nsw.gov.au,Agender,17.26.134.246
43,Meredith,Tomasoni,mtomasoni16@last.fm,Non-binary,116.172.193.222
44,Philbert,Dresser,pdresser17@google.pl,Genderfluid,229.252.172.204
45,Seamus,Wiltshear,swiltshear18@tripadvisor.com,Female,0.153.93.149
46,Augustus,Everal,aeveral19@opensource.org,Genderqueer,30.72.240.65
47,Kingston,Wennington,kwennington1a@e-recht24.de,Male,198.57.210.59
48,Carlyle,Clash,cclash1b@cloudflare.com,Agender,38.83.178.4
49,Averyl,Giddons,agiddons1c@ihg.com,Bigender,122.99.45.18
50,Bernarr,Janowicz,bjanowicz1d@mapy.cz,Genderfluid,101.172.240.148
51,Noe,Morton,nmorton1e@foxnews.com,Agender,1.26.242.213
52,Gasper,Crutchley,gcrutchley1f@mashable.com,Genderfluid,247.117.115.19
53,Nobie,Dumberrill,ndumberrill1g@go.com,Bigender,5.93.247.80
54,Granthem,Cogle,gcogle1h@wordpress.org,Bigender,225.63.94.199
55,Abbie,Delooze,adelooze1i@amazon.co.uk,Female,50.228.205.20
56,Andrej,Pearton,apearton1j@list-manage.com,Bigender,101.204.88.113
57,Issiah,Cureton,icureton1k@stanford.edu,Agender,220.32.207.154
58,Micky,Coomer,mcoomer1l@xing.com,Male,248.72.98.136
59,Wang,Astlett,wastlett1m@blogspot.com,Female,27.82.72.248
60,Lauren,Brittian,lbrittian1n@engadget.com,Polygender,171.204.159.37
61,Nara,Talton,ntalton1o@constantcontact.com,Male,192.115.241.171
62,Magnum,Gagg,mgagg1p@chicagotribune.com,Genderqueer,188.156.79.102
63,Westbrook,Crosfeld,wcrosfeld1q@xrea.com,Bigender,198.95.180.231
64,Merla,Resdale,mresdale1r@accuweather.com,Genderfluid,46.5.181.86
65,Abbott,Colwell,acolwell1s@odnoklassniki.ru,Male,43.209.115.171
66,Marjory,Nevison,mnevison1t@1und1.de,Agender,163.246.34.94
67,Avril,Redford,aredford1u@reverbnation.com,Male,169.130.188.9
68,Roy,Yakobowitz,ryakobowitz1v@multiply.com,Male,125.184.144.150
69,Grete,Rosi,grosi1w@opensource.org,Bigender,191.5.129.225
70,Liliane,Bilofsky,lbilofsky1x@naver.com,Polygender,143.187.163.95
71,Helaina,Koppelmann,hkoppelmann1y@ezinearticles.com,Polygender,6.69.254.45
72,Linea,O'Dogherty,lodogherty1z@studiopress.com,Agender,28.58.115.220
73,Carlie,Goldhill,cgoldhill20@tuttocitta.it,Bigender,3.131.47.210
74,Becka,Harlow,bharlow21@infoseek.co.jp,Female,4.185.245.161
75,Winnie,Wheelhouse,wwheelhouse22@wufoo.com,Female,104.157.65.39
76,Chad,Crosgrove,ccrosgrove23@rakuten.co.jp,Bigender,96.35.56.247
77,Catlee,Farland,cfarland24@mtv.com,Non-binary,131.127.107.173
78,Gabriel,Mariette,gmariette25@wisc.edu,Bigender,180.189.200.46
79,Claudie,Getty,cgetty26@huffingtonpost.com,Non-binary,194.16.141.50
80,Ivett,Clevely,iclevely27@un.org,Agender,92.48.57.117
81,Kelsy,Jerwood,kjerwood28@merriam-webster.com,Genderfluid,196.214.161.108
82,Lauren,Vinsen,lvinsen29@baidu.com,Male,187.113.11.93
83,Halsy,Feedome,hfeedome2a@wordpress.com,Genderqueer,120.74.164.80
84,Quinta,Beadles,qbeadles2b@e-recht24.de,Bigender,56.122.236.17
85,Garry,Mobberley,gmobberley2c@flickr.com,Male,143.145.195.171
86,Mirella,Mollnar,mmollnar2d@parallels.com,Female,127.71.3.165
87,Doria,Vannikov,dvannikov2e@topsy.com,Non-binary,136.12.233.89
88,Andree,Matschoss,amatschoss2f@youtu.be,Polygender,201.31.242.140
89,Madeline,McGeachey,mmcgeachey2g@studiopress.com,Non-binary,60.96.59.176
90,Nichols,Bichard,nbichard2h@desdev.cn,Genderqueer,17.120.141.88
91,Gabi,Henaughan,ghenaughan2i@gnu.org,Non-binary,186.89.20.122
92,Myrta,Ratledge,mratledge2j@utexas.edu,Female,178.115.77.44
93,Donna,Bodicum,dbodicum2k@macromedia.com,Male,30.145.207.39
94,Sallyanne,Valente,svalente2l@delicious.com,Agender,143.20.166.5
95,Cristy,Jaskowicz,cjaskowicz2m@chronoengine.com,Genderfluid,213.82.25.129
96,Lanita,Cawte,lcawte2n@creativecommons.org,Genderfluid,175.140.22.166
97,Kit,Speenden,kspeenden2o@ft.com,Genderqueer,107.72.206.250
98,Ashien,Leach,aleach2p@discuz.net,Female,143.50.38.95
99,Algernon,Jentzsch,ajentzsch2q@tinypic.com,Male,36.54.131.242
100,Adham,Steanson,asteanson2r@illinois.edu,Male,235.149.146.120
101,Glenna,Jordeson,gjordeson2s@networkadvertising.org,Agender,89.109.54.66
102,Antonina,Kubin,akubin2t@berkeley.edu,Genderfluid,144.60.41.211
103,Christoph,Chopy,cchopy2u@unicef.org,Male,21.75.126.1
104,Erhart,Beauvais,ebeauvais2v@youku.com,Genderqueer,107.185.73.8
105,Pearla,Bessell,pbessell2w@e-recht24.de,Polygender,151.149.26.171
106,Euphemia,Halwell,ehalwell2x@storify.com,Genderfluid,5.69.244.57
107,Kiah,Melton,kmelton2y@yelp.com,Genderqueer,125.145.220.60
108,Brittany,Moyce,bmoyce2z@gizmodo.com,Male,55.175.192.26
109,Easter,Orknay,eorknay30@mashable.com,Genderqueer,112.171.34.161
110,Ray,Bletso,rbletso31@opera.com,Female,10.0.154.247
111,Avigdor,Pilmer,apilmer32@xing.com,Non-binary,235.243.112.130
112,Gayla,Arkcoll,garkcoll33@purevolume.com,Non-binary,237.179.182.5
113,Nil,Annakin,nannakin34@home.pl,Male,146.98.46.32
114,Nikita,Alldis,nalldis35@topsy.com,Polygender,219.6.133.32
115,Lauraine,Braiden,lbraiden36@merriam-webster.com,Polygender,118.101.113.241
116,Hedi,McCrossan,hmccrossan37@washington.edu,Bigender,115.166.144.161
117,Aloysius,Pevsner,apevsner38@youtu.be,Non-binary,56.22.64.241
118,Jackelyn,Sandwich,jsandwich39@oaic.gov.au,Female,132.206.170.35
119,Tonya,Leander,tleander3a@mysql.com,Agender,110.184.210.10
120,Debbi,De Beauchemp,ddebeauchemp3b@globo.com,Non-binary,56.61.140.61
121,Jasun,Larkin,jlarkin3c@typepad.com,Bigender,91.238.18.237
122,Michell,Doiley,mdoiley3d@timesonline.co.uk,Polygender,38.170.197.251
123,Sherilyn,Qualtrough,squaltrough3e@geocities.jp,Bigender,175.146.172.171
124,Caron,Brunn,cbrunn3f@reuters.com,Female,105.170.200.9
125,Erv,Wicklen,ewicklen3g@kickstarter.com,Polygender,175.116.202.88
126,Ardis,Bourdel,abourdel3h@dedecms.com,Non-binary,48.243.178.97
127,Noellyn,Molineux,nmolineux3i@twitpic.com,Polygender,196.154.180.9
128,Claudetta,Bisacre,cbisacre3j@ihg.com,Bigender,251.13.51.101
129,Dell,Bauduccio,dbauduccio3k@canalblog.com,Agender,186.141.113.170
130,Bobbye,Bear,bbear3l@barnesandnoble.com,Genderfluid,242.177.155.171
131,Aguste,Broadberrie,abroadberrie3m@google.com,Female,122.136.73.181
132,Brunhilde,Donwell,bdonwell3n@netlog.com,Non-binary,35.104.75.89
133,Moina,Callan,mcallan3o@scientificamerican.com,Genderfluid,48.249.252.32
134,Reeta,Jedraszczyk,rjedraszczyk3p@dailymotion.com,Male,17.104.160.222
135,Brigitta,Danielot,bdanielot3q@google.it,Agender,176.20.199.41
136,Florentia,Dumpleton,fdumpleton3r@prlog.org,Bigender,245.23.134.192
137,Charmian,Fairholm,cfairholm3s@google.co.uk,Polygender,42.99.39.125
138,Gallagher,Phillips,gphillips3t@tmall.com,Agender,144.251.142.102
139,Baldwin,Swanger,bswanger3u@studiopress.com,Bigender,249.195.160.135
140,Bibbie,Coathup,bcoathup3v@360.cn,Bigender,69.229.10.148
141,Adam,Puckrin,apuckrin3w@is.gd,Agender,72.116.12.165
142,Cynthy,Alwell,calwell3x@alexa.com,Female,15.60.189.241
143,Linc,Jager,ljager3y@cloudflare.com,Female,140.28.111.20
144,Annamarie,Dufty,adufty3z@etsy.com,Bigender,198.81.203.149
145,Rutter,Litchfield,rlitchfield40@newyorker.com,Female,94.138.42.67
146,Wilow,Raspin,wraspin41@dagondesign.com,Non-binary,39.1.120.37
147,Rosella,Shillinglaw,rshillinglaw42@issuu.com,Non-binary,204.211.183.167
148,Zebulen,Zoellner,zzoellner43@booking.com,Female,60.87.131.85
149,Rebecca,McCumskay,rmccumskay44@wisc.edu,Genderqueer,242.43.55.249
150,Rochette,Longhurst,rlonghurst45@mail.ru,Female,117.104.242.51
151,Torin,Romeo,tromeo46@goo.gl,Polygender,150.54.230.219
152,Andy,Howkins,ahowkins47@oakley.com,Bigender,231.33.27.176
153,Jayme,Treffry,jtreffry48@gnu.org,Genderfluid,38.139.68.136
154,Marisa,Iglesias,miglesias49@usnews.com,Male,144.144.231.200
155,Dalton,Bordes,dbordes4a@flavors.me,Genderfluid,44.221.236.122
156,North,Surgeon,nsurgeon4b@merriam-webster.com,Genderfluid,106.4.153.171
157,Tim,Wibberley,twibberley4c@elegantthemes.com,Genderfluid,80.212.62.53
158,Julietta,Maberley,jmaberley4d@sun.com,Male,222.235.222.202
159,Mela,Lumley,mlumley4e@sogou.com,Agender,207.243.38.204
160,Ginevra,Bartle,gbartle4f@deviantart.com,Agender,168.3.130.14
161,Leopold,Siddle,lsiddle4g@time.com,Agender,8.175.42.105
162,Humberto,Lindro,hlindro4h@ted.com,Male,251.117.44.95
163,Viv,Whetnall,vwhetnall4i@mozilla.com,Bigender,70.155.130.192
164,Shepard,Schurcke,sschurcke4j@infoseek.co.jp,Genderqueer,79.104.74.168
165,Reid,Chesterman,rchesterman4k@soup.io,Female,61.136.245.106
166,Nanni,Kenington,nkenington4l@theatlantic.com,Non-binary,194.4.85.172
167,Cherie,Housecroft,chousecroft4m@narod.ru,Female,252.143.115.41
168,Hamil,Cowden,hcowden4n@deviantart.com,Genderqueer,19.170.69.0
169,Katherine,Battill,kbattill4o@upenn.edu,Male,187.39.12.65
170,Perry,Cumpsty,pcumpsty4p@noaa.gov,Genderfluid,68.67.98.50
171,Maud,Bessom,mbessom4q@cloudflare.com,Genderqueer,50.169.197.67
172,Mordecai,Trevon,mtrevon4r@usatoday.com,Genderfluid,1.78.72.81
173,Eadith,Tutchings,etutchings4s@house.gov,Bigender,185.36.235.27
174,Kristoforo,Corp,kcorp4t@reference.com,Female,102.219.207.120
175,Corny,Borley,cborley4u@cnn.com,Female,82.117.69.168
176,Karleen,Fishlock,kfishlock4v@aol.com,Polygender,125.36.100.242
177,Cariotta,Marciskewski,cmarciskewski4w@google.es,Bigender,199.53.108.250
178,Berti,Frude,bfrude4x@wsj.com,Genderfluid,173.85.74.224
179,Geralda,Thurling,gthurling4y@tumblr.com,Genderqueer,70.127.209.192
180,Robinson,Bendon,rbendon4z@hp.com,Bigender,116.28.138.39
181,Humphrey,Moyse,hmoyse50@hhs.gov,Male,83.162.186.76
182,Bax,Killigrew,bkilligrew51@globo.com,Bigender,15.18.196.223
183,Hedwiga,Bousfield,hbousfield52@pinterest.com,Male,6.11.75.161
184,Burk,Seleway,bseleway53@cisco.com,Polygender,38.101.213.170
185,Meyer,Pelchat,mpelchat54@scientificamerican.com,Polygender,138.255.173.206
186,Joseph,Penfold,jpenfold55@springer.com,Agender,233.182.75.194
187,Rosco,Teliga,rteliga56@instagram.com,Bigender,86.218.47.112
188,Nicki,Mycroft,nmycroft57@berkeley.edu,Male,109.44.141.131
189,Marta,Wedgbrow,mwedgbrow58@ted.com,Male,226.210.241.100
190,Friederike,Brammall,fbrammall59@fotki.com,Genderfluid,204.205.18.61
191,Goran,Infantino,ginfantino5a@state.gov,Agender,212.23.84.236
192,Iver,Sharram,isharram5b@scribd.com,Female,60.157.98.191
193,Averil,Vaggers,avaggers5c@scientificamerican.com,Non-binary,9.88.56.227
194,Stacy,MacChaell,smacchaell5d@google.com.au,Genderqueer,148.189.212.169
195,Fayina,Wisson,fwisson5e@loc.gov,Genderqueer,86.242.56.202
196,Jean,Elson,jelson5f@ftc.gov,Agender,228.143.93.141
197,Waldo,Marczyk,wmarczyk5g@technorati.com,Genderqueer,222.21.85.6
198,Towny,Asken,tasken5h@utexas.edu,Male,14.88.117.221
199,Margaretha,Mordacai,mmordacai5i@phoca.cz,Male,50.253.111.225
200,Ciel,Streeton,cstreeton5j@addthis.com,Female,22.172.172.86
201,Gizela,Laugharne,glaugharne5k@github.io,Bigender,28.36.90.209
202,Crystal,Petters,cpetters5l@europa.eu,Genderfluid,111.49.226.37
203,Georgine,Coch,gcoch5m@networksolutions.com,Bigender,77.7.77.6
204,Alard,Bernat,abernat5n@chicagotribune.com,Genderqueer,180.174.185.42
205,Raimund,Di Bernardo,rdibernardo5o@yellowpages.com,Non-binary,62.238.44.207
206,Jackqueline,Usborn,jusborn5p@ask.com,Female,101.83.139.160
207,Chlo,Shawell,cshawell5q@hibu.com,Female,204.230.96.41
208,Roz,Fourcade,rfourcade5r@home.pl,Polygender,63.45.193.37
209,Patty,Cockshutt,pcockshutt5s@webmd.com,Non-binary,107.163.181.157
210,Gordan,Pydcock,gpydcock5t@de.vu,Bigender,27.127.207.198
211,Karolina,Jacobovitch,kjacobovitch5u@soup.io,Genderqueer,145.164.196.244
212,Amil,Grist,agrist5v@live.com,Female,63.145.237.249
213,Dewie,Battabee,dbattabee5w@webnode.com,Genderqueer,143.145.83.153
214,Jyoti,Amis,jamis5x@wordpress.com,Female,49.237.47.84
215,Kore,Klugman,kklugman5y@bluehost.com,Genderfluid,74.83.94.235
216,Violante,Doust,vdoust5z@utexas.edu,Genderqueer,5.148.106.226
217,Salem,Duiged,sduiged60@thetimes.co.uk,Agender,35.188.209.176
218,Fitzgerald,Lille,flille61@fema.gov,Polygender,70.9.39.214
219,Charmine,Lownds,clownds62@technorati.com,Genderqueer,123.48.239.223
220,Dicky,Blackborough,dblackborough63@intel.com,Female,224.200.54.195
221,Tera,Handford,thandford64@who.int,Agender,31.67.10.245
222,Ardath,Crust,acrust65@hubpages.com,Male,231.237.44.222
223,Daphne,Midden,dmidden66@gov.uk,Bigender,114.63.76.199
224,Benedetta,Camois,bcamois67@edublogs.org,Agender,233.192.39.32
225,Robbie,Belli,rbelli68@usgs.gov,Agender,231.57.189.243
226,Allys,Spencock,aspencock69@xrea.com,Genderfluid,155.24.223.133
227,Raeann,Geaves,rgeaves6a@google.co.uk,Female,66.154.89.3
228,Rennie,Monkman,rmonkman6b@fastcompany.com,Genderfluid,244.9.165.171
229,Nevil,Romayn,nromayn6c@eventbrite.com,Agender,239.38.3.198
230,Rhiamon,Dumbrall,rdumbrall6d@unesco.org,Bigender,38.120.17.87
231,Cordi,Banaszewski,cbanaszewski6e@seattletimes.com,Male,93.101.3.73
232,Lucila,Vagg,lvagg6f@google.co.jp,Non-binary,54.64.226.186
233,Jereme,Dudley,jdudley6g@miitbeian.gov.cn,Genderqueer,192.152.138.108
234,Duffy,Maggill'Andreis,dmaggillandreis6h@princeton.edu,Female,5.3.232.59
235,Dodie,Zimmerman,dzimmerman6i@rambler.ru,Female,227.185.137.21
236,Odie,Conquer,oconquer6j@merriam-webster.com,Male,232.160.238.169
237,Shepherd,Hanway,shanway6k@infoseek.co.jp,Polygender,125.150.131.223
238,Madelina,Geffe,mgeffe6l@chicagotribune.com,Genderqueer,111.188.209.78
239,Arvin,Teek,ateek6m@ucoz.com,Agender,150.240.143.240
240,Lonni,Pierpoint,lpierpoint6n@ezinearticles.com,Female,249.132.89.19
241,Gal,MacGauhy,gmacgauhy6o@icio.us,Non-binary,36.173.32.153
242,Eleanora,Ruggs,eruggs6p@joomla.org,Female,29.7.137.235
243,Eilis,Robison,erobison6q@nhs.uk,Genderqueer,46.88.22.247
244,Barbe,Sheron,bsheron6r@slideshare.net,Non-binary,20.236.251.160
245,Elspeth,Hutcheon,ehutcheon6s@cbsnews.com,Non-binary,105.219.201.174
246,Luci,Waight,lwaight6t@aol.com,Genderfluid,92.150.246.165
247,Kacey,Trewhitt,ktrewhitt6u@bloomberg.com,Non-binary,171.129.154.108
248,Cher,Looby,clooby6v@paginegialle.it,Genderqueer,156.76.218.29
249,Nicko,Synder,nsynder6w@purevolume.com,Male,204.41.250.109
250,Andeee,Village,avillage6x@cdc.gov,Male,198.89.141.119
251,Son,Neising,sneising6y@webeden.co.uk,Genderfluid,211.173.107.57
252,Wallache,Skellorne,wskellorne6z@independent.co.uk,Male,229.243.42.90
253,Yul,Peace,ypeace70@spiegel.de,Female,91.187.87.236
254,Molly,Malcolmson,mmalcolmson71@bizjournals.com,Male,116.216.184.11
255,Dominique,Praill,dpraill72@qq.com,Genderfluid,229.181.157.226
256,Elga,Dincke,edincke73@slate.com,Non-binary,33.89.61.18
257,Gearard,Hearle,ghearle74@skyrock.com,Agender,37.179.26.117
258,Christiane,Kennealy,ckennealy75@mediafire.com,Female,53.251.147.129
259,Anita,Fourman,afourman76@mit.edu,Male,206.252.209.147
260,Whit,Dornan,wdornan77@themeforest.net,Genderqueer,196.39.175.185
261,Cammie,Rowler,crowler78@e-recht24.de,Male,229.118.204.62
262,Alon,Edkins,aedkins79@discuz.net,Female,14.137.29.186
263,Lynnea,Collymore,lcollymore7a@europa.eu,Bigender,122.16.157.179
264,Devan,Huntington,dhuntington7b@newyorker.com,Genderqueer,241.221.114.208
265,Violet,Cadd,vcadd7c@google.co.jp,Female,157.84.120.116
266,Gordan,Limrick,glimrick7d@trellian.com,Polygender,136.9.226.172
267,Catrina,Rentoul,crentoul7e@shinystat.com,Agender,146.69.252.126
268,Amandy,Rilings,arilings7f@hao123.com,Male,238.184.123.68
269,Karleen,Huchot,khuchot7g@kickstarter.com,Polygender,245.66.41.196
270,Winna,Duffill,wduffill7h@redcross.org,Agender,38.174.68.209
271,Morgana,Bouchier,mbouchier7i@amazon.co.jp,Male,227.210.53.233
272,Kimball,Porkiss,kporkiss7j@bravesites.com,Female,206.245.73.74
273,Dacia,O'Kuddyhy,dokuddyhy7k@yahoo.com,Genderqueer,236.149.166.161
274,Adelind,Trow,atrow7l@unicef.org,Male,70.68.33.56
275,Tova,Chorley,tchorley7m@github.com,Female,249.19.203.233
276,Dorothy,Hanhart,dhanhart7n@infoseek.co.jp,Female,178.55.158.27
277,Marabel,Arnhold,marnhold7o@disqus.com,Bigender,190.173.87.84
278,Fayina,Sedworth,fsedworth7p@digg.com,Genderqueer,51.10.132.182
279,Erek,Zarfat,ezarfat7q@cyberchimps.com,Bigender,81.29.7.13
280,Maggee,Thams,mthams7r@wordpress.org,Male,195.62.209.9
281,Shana,Snelson,ssnelson7s@fastcompany.com,Bigender,23.47.0.36
282,Patrice,Girardey,pgirardey7t@sbwire.com,Agender,67.65.111.42
283,Suzie,Sumpton,ssumpton7u@bigcartel.com,Female,61.173.23.131
284,Albina,Guppey,aguppey7v@go.com,Polygender,187.41.59.212
285,Isobel,Petkovic,ipetkovic7w@yahoo.co.jp,Agender,126.198.124.58
286,Tedra,Klimmek,tklimmek7x@salon.com,Genderqueer,133.55.62.37
287,Thurston,Najera,tnajera7y@mapquest.com,Bigender,44.12.136.36
288,Edsel,Godart,egodart7z@icio.us,Polygender,151.164.196.5
289,Adelle,Lohoar,alohoar80@yelp.com,Male,184.14.65.176
290,Vinnie,Mossman,vmossman81@yahoo.com,Polygender,192.165.62.218
291,Allyn,Coolahan,acoolahan82@pcworld.com,Non-binary,105.131.160.143
292,Darin,Whisson,dwhisson83@ebay.com,Male,223.109.235.155
293,Fidela,McNulty,fmcnulty84@ameblo.jp,Female,250.90.158.183
294,Hanan,Bollam,hbollam85@theglobeandmail.com,Non-binary,60.186.227.179
295,Chelsy,Matzl,cmatzl86@buzzfeed.com,Male,22.91.205.68
296,Heda,Joselevitch,hjoselevitch87@topsy.com,Male,66.252.86.186
297,Dominic,Fairburne,dfairburne88@washington.edu,Non-binary,123.125.208.177
298,Cleo,Kynsey,ckynsey89@amazon.com,Agender,141.4.103.113
299,Calla,Dallow,cdallow8a@barnesandnoble.com,Genderfluid,249.129.10.14
300,Mercy,Stanley,mstanley8b@home.pl,Genderfluid,210.39.8.63
301,Chicky,Iacoviello,ciacoviello8c@acquirethisname.com,Genderfluid,167.53.60.71
302,Dorri,Dymock,ddymock8d@cocolog-nifty.com,Male,104.191.22.122
303,Livvyy,Muris,lmuris8e@myspace.com,Polygender,248.232.77.90
304,Sonia,Danielsohn,sdanielsohn8f@networksolutions.com,Male,208.4.11.245
305,Tova,Spinnace,tspinnace8g@cafepress.com,Polygender,146.194.34.19
306,Erminia,d'Escoffier,edescoffier8h@sogou.com,Polygender,89.59.123.86
307,Kris,deKnevet,kdeknevet8i@networkadvertising.org,Non-binary,156.171.4.118
308,Boyd,Halligan,bhalligan8j@sina.com.cn,Non-binary,1.79.183.144
309,Jennee,Sneden,jsneden8k@springer.com,Female,2.40.81.19
310,Shannon,Houtbie,shoutbie8l@harvard.edu,Polygender,230.232.110.36
311,Annmaria,Brunning,abrunning8m@cisco.com,Genderqueer,245.191.169.129
312,Carlita,Van Salzberger,cvansalzberger8n@purevolume.com,Genderqueer,4.82.149.144
313,Kristien,Blackney,kblackney8o@ask.com,Agender,72.119.20.147
314,Turner,Cattanach,tcattanach8p@buzzfeed.com,Agender,193.7.203.117
315,Shannan,Danko,sdanko8q@yandex.ru,Non-binary,213.221.198.135
316,Elaine,Clerc,eclerc8r@wix.com,Male,29.105.52.13
317,Revkah,Heggs,rheggs8s@aol.com,Polygender,29.189.127.108
318,Alexandra,Kleinzweig,akleinzweig8t@hubpages.com,Non-binary,250.93.149.172
319,Cassandry,Harrowing,charrowing8u@examiner.com,Genderfluid,90.118.245.26
320,Josee,Avrahamoff,javrahamoff8v@blogger.com,Bigender,142.199.72.50
321,Brigid,Penn,bpenn8w@sfgate.com,Genderqueer,196.223.60.44
322,Hamid,Greest,hgreest8x@house.gov,Bigender,131.186.228.3
323,Maximilien,Vicarey,mvicarey8y@examiner.com,Polygender,12.77.162.158
324,Nelli,Checci,nchecci8z@rambler.ru,Female,84.227.32.32
325,Augustine,Rosoman,arosoman90@twitpic.com,Agender,10.194.33.45
326,Prince,Althorp,palthorp91@so-net.ne.jp,Genderfluid,57.12.171.15
327,Dylan,Ohms,dohms92@blogs.com,Male,78.28.142.21
328,Georgianna,Denne,gdenne93@trellian.com,Female,133.193.254.99
329,Byron,Skoate,bskoate94@usgs.gov,Genderfluid,228.101.217.94
330,Hilliary,Pask,hpask95@independent.co.uk,Female,102.253.205.177
331,Boonie,Rummins,brummins96@amazon.co.jp,Male,90.216.212.65
332,Celisse,Gilstoun,cgilstoun97@indiegogo.com,Polygender,246.185.185.233
333,William,Christou,wchristou98@about.me,Female,39.101.227.66
334,Rebekah,Lashford,rlashford99@hp.com,Agender,20.192.116.106
335,Ulick,Shellibeer,ushellibeer9a@hibu.com,Agender,235.182.228.183
336,Vonnie,Christaeas,vchristaeas9b@dropbox.com,Male,56.70.74.166
337,Kippie,Gleader,kgleader9c@xing.com,Polygender,232.199.90.41
338,Virginie,Ruperto,vruperto9d@cnet.com,Female,101.144.178.40
339,Stanislaus,Ludovico,sludovico9e@prnewswire.com,Male,214.50.151.215
340,Rey,Kynforth,rkynforth9f@bloglovin.com,Female,9.234.191.17
341,Veriee,Copyn,vcopyn9g@so-net.ne.jp,Bigender,172.28.177.108
342,Clywd,Liddon,cliddon9h@yellowbook.com,Polygender,33.87.36.154
343,Jamil,Seabright,jseabright9i@buzzfeed.com,Female,129.58.4.166
344,Benny,Olsson,bolsson9j@miitbeian.gov.cn,Polygender,10.9.118.122
345,Maureene,Hackwell,mhackwell9k@ask.com,Genderqueer,145.36.160.41
346,Chas,Julyan,cjulyan9l@aboutads.info,Genderfluid,101.164.216.109
347,Martita,Corradi,mcorradi9m@unesco.org,Polygender,131.243.109.246
348,Maureen,Symon,msymon9n@samsung.com,Bigender,74.16.127.140
349,Janaye,Morde,jmorde9o@blogs.com,Genderqueer,172.28.82.21
350,Kahlil,Couronne,kcouronne9p@hao123.com,Genderfluid,182.110.187.95
351,Ciel,Phelipeaux,cphelipeaux9q@un.org,Male,130.196.111.255
352,Milo,Oluwatoyin,moluwatoyin9r@naver.com,Agender,212.71.97.172
353,Tallie,Keijser,tkeijser9s@japanpost.jp,Non-binary,190.53.67.160
354,Graig,Dowdney,gdowdney9t@xrea.com,Female,57.243.76.211
355,Demetri,Bastin,dbastin9u@usatoday.com,Genderfluid,191.1.140.78
356,Ingaberg,Adamek,iadamek9v@imdb.com,Female,9.8.24.152
357,Theadora,Lace,tlace9w@ucoz.com,Female,86.233.133.77
358,Latisha,Clyde,lclyde9x@forbes.com,Polygender,99.247.60.232
359,Burnaby,Pickston,bpickston9y@drupal.org,Genderqueer,162.38.75.160
360,Bride,Mettetal,bmettetal9z@topsy.com,Male,236.11.23.146
361,Alvina,Ast,aasta0@typepad.com,Polygender,50.153.180.128
362,Baldwin,Krabbe,bkrabbea1@wix.com,Genderfluid,120.131.46.17
363,Aldin,Lacotte,alacottea2@meetup.com,Genderfluid,199.77.239.135
364,Farlay,Dougherty,fdoughertya3@sitemeter.com,Male,166.22.12.15
365,Brandise,Chace,bchacea4@oakley.com,Agender,91.24.247.52
366,Wilt,Serridge,wserridgea5@privacy.gov.au,Genderfluid,209.246.97.78
367,Andrei,Pynner,apynnera6@furl.net,Non-binary,187.78.156.234
368,Wallis,Lathbury,wlathburya7@dedecms.com,Bigender,52.253.179.171
369,Cecilio,MacMenamy,cmacmenamya8@washington.edu,Genderqueer,189.209.2.105
370,Denny,Harrow,dharrowa9@hp.com,Female,8.192.35.91
371,Tracie,Yusupov,tyusupovaa@cornell.edu,Genderqueer,145.84.67.118
372,Nolly,Greggersen,ngreggersenab@nature.com,Female,9.252.9.35
373,Austina,Palffrey,apalffreyac@sfgate.com,Genderqueer,41.207.244.189
374,Melany,Everton,mevertonad@addthis.com,Female,225.81.91.33
375,Carmelia,Mieville,cmievilleae@usda.gov,Polygender,210.129.61.218
376,Elayne,Habbershon,ehabbershonaf@xing.com,Agender,27.93.164.186
377,Teresita,Leebetter,tleebetterag@shop-pro.jp,Male,153.5.243.224
378,Frants,Smorthit,fsmorthitah@reddit.com,Bigender,108.216.154.200
379,Edgardo,Barrick,ebarrickai@bandcamp.com,Polygender,189.247.144.162
380,Raymund,Speares,rspearesaj@typepad.com,Genderqueer,213.99.215.178
381,Moll,MacAlpin,mmacalpinak@fc2.com,Male,166.217.218.131
382,Vally,Beaven,vbeavenal@ovh.net,Female,162.90.119.193
383,Melvin,Manna,mmannaam@deviantart.com,Polygender,186.198.152.143
384,Florence,Woolgar,fwoolgaran@nature.com,Genderfluid,241.199.76.40
385,Nollie,Semkins,nsemkinsao@pbs.org,Non-binary,157.26.79.253
386,Brittaney,McKevitt,bmckevittap@stumbleupon.com,Agender,67.188.154.43
387,Nikkie,Sackey,nsackeyaq@vistaprint.com,Genderqueer,227.197.89.29
388,Dulcia,Dorrity,ddorrityar@prweb.com,Genderfluid,109.108.7.230
389,Wallie,McHugh,wmchughas@qq.com,Genderfluid,147.16.96.127
390,Freddy,Ferbrache,fferbracheat@soundcloud.com,Male,255.1.223.32
391,Shermie,Cowdroy,scowdroyau@nature.com,Polygender,114.237.89.225
392,Randie,Kubacki,rkubackiav@cargocollective.com,Bigender,226.180.224.250
393,Florian,Pitway,fpitwayaw@reuters.com,Bigender,14.122.237.223
394,Megan,Annable,mannableax@indiegogo.com,Genderqueer,102.232.130.115
395,Alli,Elgood,aelgooday@samsung.com,Non-binary,108.83.29.184
396,Jozef,Rushman,jrushmanaz@weather.com,Agender,105.212.56.101
397,Essy,Backshaw,ebackshawb0@nih.gov,Genderqueer,27.151.38.116
398,Marilee,Yaknov,myaknovb1@wiley.com,Bigender,193.27.200.27
399,Reinold,Kahen,rkahenb2@phpbb.com,Bigender,158.165.79.139
400,Nanny,Hanniger,nhannigerb3@columbia.edu,Bigender,167.107.228.113
401,Gaylor,Dallmann,gdallmannb4@dedecms.com,Male,41.179.13.132
402,Estella,Eliff,eeliffb5@tumblr.com,Genderfluid,185.76.176.34
403,Kareem,Larkin,klarkinb6@oaic.gov.au,Male,202.204.60.254
404,Harwell,Morgen,hmorgenb7@cargocollective.com,Agender,89.19.201.239
405,Emmanuel,Moakler,emoaklerb8@ucoz.ru,Male,245.190.227.137
406,Carlyn,Spellsworth,cspellsworthb9@reference.com,Non-binary,114.26.154.65
407,Jarret,O'Shevlan,joshevlanba@amazon.com,Bigender,40.45.207.110
408,Etta,Prescot,eprescotbb@youtube.com,Non-binary,194.153.82.122
409,Benedict,Eykelhof,beykelhofbc@wunderground.com,Non-binary,44.239.216.222
410,Quinta,Jerrold,qjerroldbd@woothemes.com,Polygender,236.50.155.147
411,Hurley,Diggle,hdigglebe@alibaba.com,Genderfluid,255.110.83.82
412,Pip,Kail,pkailbf@cocolog-nifty.com,Genderfluid,176.119.187.48
413,Crista,Whytock,cwhytockbg@aboutads.info,Genderqueer,194.17.214.254
414,Tiffi,McCart,tmccartbh@usnews.com,Agender,125.5.239.150
415,Rubina,Lovel,rlovelbi@umn.edu,Genderfluid,102.119.8.121
416,Rory,Scrimshaw,rscrimshawbj@elegantthemes.com,Male,136.179.97.164
417,Lianna,Niland,lnilandbk@omniture.com,Polygender,125.148.192.149
418,Germana,Roloff,groloffbl@telegraph.co.uk,Male,149.156.165.148
419,Booth,Denis,bdenisbm@ihg.com,Bigender,68.30.7.68
420,Urbain,Swiffen,uswiffenbn@angelfire.com,Polygender,182.141.60.210
421,Harriot,Nials,hnialsbo@oaic.gov.au,Agender,89.155.92.136
422,Pamela,Mylechreest,pmylechreestbp@diigo.com,Agender,122.51.132.26
423,Yasmin,Camelli,ycamellibq@vkontakte.ru,Non-binary,141.234.31.204
424,Padgett,Munks,pmunksbr@tuttocitta.it,Agender,111.222.204.39
425,Jacqueline,Maleby,jmalebybs@princeton.edu,Bigender,51.60.149.111
426,Marjory,Coulthard,mcoulthardbt@nsw.gov.au,Polygender,66.5.24.55
427,Ingeborg,Alesi,ialesibu@posterous.com,Bigender,97.174.51.233
428,Georgena,Goracci,ggoraccibv@barnesandnoble.com,Genderqueer,69.125.229.139
429,Jackqueline,Dunbar,jdunbarbw@google.es,Female,168.83.171.213
430,Pierre,Blitzer,pblitzerbx@ebay.com,Polygender,8.235.107.155
431,Tanya,Stack,tstackby@pcworld.com,Genderfluid,253.214.177.113
432,Sean,Stickney,sstickneybz@hao123.com,Non-binary,100.159.4.65
433,Herrick,Spore,hsporec0@mashable.com,Agender,200.194.144.58
434,Holden,Hefner,hhefnerc1@icio.us,Male,118.18.66.231
435,Barron,Fancott,bfancottc2@123-reg.co.uk,Non-binary,163.206.118.169
436,Caril,Iacovaccio,ciacovaccioc3@macromedia.com,Genderfluid,187.42.10.140
437,Riane,Rase,rrasec4@cloudflare.com,Male,233.228.168.137
438,Jasmine,Cowcha,jcowchac5@statcounter.com,Genderfluid,163.11.132.44
439,Lyssa,Halfhead,lhalfheadc6@wufoo.com,Genderqueer,14.124.18.133
440,Perri,Henriquet,phenriquetc7@tinyurl.com,Bigender,186.137.10.253
441,Derry,Horlock,dhorlockc8@nih.gov,Bigender,73.79.235.137
442,Muffin,Greenough,mgreenoughc9@prlog.org,Bigender,225.198.234.145
443,Abbie,Grumley,agrumleyca@infoseek.co.jp,Female,215.39.61.173
444,Bettine,Powter,bpowtercb@hugedomains.com,Polygender,214.115.8.28
445,Sissie,Mollett,smollettcc@dyndns.org,Female,189.43.112.251
446,Dede,Kirrage,dkirragecd@gizmodo.com,Non-binary,103.184.50.135
447,Franciska,Vittel,fvittelce@independent.co.uk,Non-binary,52.121.50.74
448,Farrell,Arthey,fartheycf@twitter.com,Non-binary,184.246.91.135
449,Loralie,Derye-Barrett,lderyebarrettcg@google.nl,Female,209.228.129.96
450,Mareah,Dukes,mdukesch@nhs.uk,Male,90.40.193.174
451,Fanny,Sparham,fsparhamci@gov.uk,Polygender,191.133.130.98
452,Manfred,Laidel,mlaidelcj@geocities.com,Polygender,66.92.166.193
453,Tyrus,Tremelling,ttremellingck@gravatar.com,Male,179.147.33.239
454,Abdel,Broadberry,abroadberrycl@flavors.me,Male,90.18.41.75
455,Glenden,Greenhough,ggreenhoughcm@imdb.com,Bigender,147.68.241.126
456,Magnum,Eginton,megintoncn@histats.com,Male,213.111.238.160
457,Erina,Pappin,epappinco@shutterfly.com,Genderqueer,32.213.69.39
458,Clemmie,Shitliffe,cshitliffecp@smh.com.au,Non-binary,23.50.211.178
459,Joli,Olsson,jolssoncq@sourceforge.net,Polygender,192.84.118.125
460,Amerigo,Egginson,aegginsoncr@list-manage.com,Female,37.82.177.219
461,Skye,O'Nion,sonioncs@rediff.com,Genderfluid,78.15.211.29
462,Melisa,Clipson,mclipsonct@newsvine.com,Non-binary,72.230.113.86
463,Angelita,Sherwin,asherwincu@unblog.fr,Male,120.140.150.29
464,Windham,Curdell,wcurdellcv@guardian.co.uk,Agender,91.228.102.225
465,Slade,Kreber,skrebercw@ca.gov,Male,197.181.79.0
466,Mira,Lansdale,mlansdalecx@sun.com,Male,241.149.82.174
467,Odele,McIlvaney,omcilvaneycy@vistaprint.com,Polygender,40.254.174.246
468,Daniela,Rojas,drojascz@who.int,Non-binary,178.233.228.231
469,Manda,Shenfish,mshenfishd0@flavors.me,Female,180.169.231.249
470,Madelin,Lanfere,mlanfered1@accuweather.com,Agender,81.104.114.151
471,Scarlett,Cockayme,scockaymed2@sphinn.com,Genderqueer,238.88.42.153
472,Heidie,Simoneschi,hsimoneschid3@istockphoto.com,Polygender,38.132.85.247
473,Will,Bend,wbendd4@amazon.co.uk,Female,75.180.191.102
474,Loretta,Rosedale,lrosedaled5@joomla.org,Male,187.229.159.158
475,Sandra,McCullouch,smccullouchd6@163.com,Female,252.123.5.150
476,Faye,Middell,fmiddelld7@google.co.uk,Genderqueer,33.211.60.90
477,Leilah,Coniff,lconiffd8@google.com,Genderqueer,67.76.250.250
478,Callean,Shaughnessy,cshaughnessyd9@dagondesign.com,Bigender,2.27.127.228
479,Gregg,Holdworth,gholdworthda@japanpost.jp,Agender,117.32.183.4
480,Amalia,Donat,adonatdb@google.nl,Male,137.50.136.116
481,Diarmid,Foxen,dfoxendc@cafepress.com,Genderqueer,170.115.76.53
482,Piotr,Tellett,ptellettdd@feedburner.com,Genderqueer,122.177.134.137
483,Bettye,Freezer,bfreezerde@blogspot.com,Non-binary,44.137.85.109
484,Datha,Ruddiman,druddimandf@issuu.com,Female,7.149.252.79
485,Martyn,Dreakin,mdreakindg@about.me,Genderfluid,151.22.233.134
486,Rozina,Hickisson,rhickissondh@about.com,Genderqueer,189.249.247.180
487,Alain,De Bruijn,adebruijndi@bbc.co.uk,Agender,59.144.19.180
488,Flem,Brook,fbrookdj@hatena.ne.jp,Agender,124.198.192.182
489,Nevsa,Dabernott,ndabernottdk@sina.com.cn,Genderqueer,19.124.170.179
490,Shayne,Aspden,saspdendl@tmall.com,Genderqueer,222.213.104.3
491,Shannon,Iddenden,siddendendm@mediafire.com,Agender,79.200.129.74
492,Tailor,Bleiman,tbleimandn@wikia.com,Female,188.150.105.213
493,Raymund,Scoyles,rscoylesdo@webs.com,Polygender,35.23.43.208
494,Gordan,Berwick,gberwickdp@over-blog.com,Male,119.86.102.87
495,Sherie,Domleo,sdomleodq@businessweek.com,Bigender,95.11.34.16
496,Brantley,Poulden,bpouldendr@homestead.com,Genderqueer,5.112.38.175
497,Lin,Ashall,lashallds@woothemes.com,Non-binary,19.139.113.200
498,Ruthi,Beade,rbeadedt@macromedia.com,Bigender,158.231.228.72
499,Debor,Pinniger,dpinnigerdu@huffingtonpost.com,Female,6.56.251.163
500,Latisha,Gussin,lgussindv@weibo.com,Female,54.155.236.122
501,Brandi,O'Hederscoll,bohederscolldw@google.es,Polygender,114.231.247.44
502,Cesya,Lamble,clambledx@narod.ru,Agender,62.62.187.50
503,Pauly,Pedroni,ppedronidy@twitter.com,Genderqueer,184.22.140.42
504,Brooke,Orteau,borteaudz@amazon.co.jp,Bigender,205.224.8.17
505,Jehanna,Panner,jpannere0@paginegialle.it,Genderqueer,157.53.65.2
506,Aggy,Molloy,amolloye1@wunderground.com,Genderfluid,36.228.29.130
507,Babara,Earsman,bearsmane2@godaddy.com,Female,220.70.21.220
508,Gerhard,Elrick,gelricke3@exblog.jp,Female,65.229.132.9
509,Myrvyn,Danet,mdanete4@usgs.gov,Agender,89.166.4.201
510,Olly,Featherstonhalgh,ofeatherstonhalghe5@smh.com.au,Genderqueer,166.80.14.184
511,Robyn,Matz,rmatze6@bandcamp.com,Female,94.123.76.211
512,Augustine,Eagell,aeagelle7@cbslocal.com,Polygender,5.226.209.165
513,Aeriela,Chittem,achitteme8@simplemachines.org,Genderfluid,73.197.192.89
514,Sheela,Danilewicz,sdanilewicze9@deviantart.com,Bigender,248.82.105.177
515,Leonanie,Meegin,lmeeginea@nymag.com,Male,234.236.249.250
516,Edmund,Mishaw,emishaweb@1688.com,Bigender,145.238.229.42
517,Terra,Belmont,tbelmontec@exblog.jp,Female,97.126.222.73
518,Zsazsa,Mosco,zmoscoed@upenn.edu,Bigender,164.87.166.106
519,Francois,Persich,fpersichee@webeden.co.uk,Polygender,83.114.127.160
520,Neely,Faill,nfaillef@paypal.com,Bigender,168.101.194.213
521,Ruprecht,Olsson,rolssoneg@economist.com,Agender,156.77.23.161
522,Carma,Rookledge,crookledgeeh@amazon.de,Genderqueer,151.152.174.37
523,Benito,Dunning,bdunningei@myspace.com,Genderfluid,36.17.129.16
524,Cheryl,Greschke,cgreschkeej@cdbaby.com,Agender,161.103.59.15
525,Rosamond,Bansal,rbansalek@salon.com,Bigender,80.103.181.111
526,Giuseppe,Bassill,gbassillel@miibeian.gov.cn,Agender,43.95.234.253
527,Meredeth,Denniss,mdennissem@bravesites.com,Non-binary,252.176.19.252
528,Bartlet,Borsay,bborsayen@wired.com,Agender,157.20.41.77
529,Rollie,Penddreth,rpenddretheo@bravesites.com,Bigender,10.43.0.95
530,Shawnee,Batham,sbathamep@google.es,Genderfluid,17.105.33.216
531,Candis,Jodlowski,cjodlowskieq@eventbrite.com,Polygender,236.20.245.121
532,Liv,Lyffe,llyffeer@chronoengine.com,Female,47.63.182.115
533,Lind,Decroix,ldecroixes@sciencedaily.com,Male,16.20.150.70
534,Christel,Cristou,ccristouet@gnu.org,Bigender,103.174.215.177
535,Tommie,Rabb,trabbeu@independent.co.uk,Genderqueer,34.171.41.174
536,Ralph,Reddecliffe,rreddecliffeev@g.co,Genderfluid,69.151.155.92
537,Durward,Robuchon,drobuchonew@addtoany.com,Agender,131.117.237.191
538,Tarah,Fochs,tfochsex@tumblr.com,Bigender,37.244.241.126
539,Pietro,Kopke,pkopkeey@bizjournals.com,Polygender,165.72.121.48
540,Perl,Ramas,pramasez@smh.com.au,Male,50.105.102.246
541,Elsa,Whooley,ewhooleyf0@facebook.com,Genderfluid,169.38.8.198
542,Dierdre,Joutapaitis,djoutapaitisf1@ow.ly,Non-binary,203.31.38.39
543,Giacinta,De Bischof,gdebischoff2@businesswire.com,Bigender,142.196.76.168
544,Jasper,Langfat,jlangfatf3@tamu.edu,Agender,15.185.161.253
545,Anatole,Chapleo,achapleof4@senate.gov,Non-binary,62.112.140.221
546,Rowe,Cuttles,rcuttlesf5@feedburner.com,Genderfluid,13.145.201.61
547,Gwenni,Davidzon,gdavidzonf6@omniture.com,Polygender,89.230.45.184
548,Phebe,Grenter,pgrenterf7@hibu.com,Male,238.117.211.171
549,De,Sparsholt,dsparsholtf8@fastcompany.com,Genderfluid,168.109.174.105
550,Tailor,Hoovart,thoovartf9@usgs.gov,Male,194.142.46.174
551,Danice,Cerith,dcerithfa@cdbaby.com,Male,19.239.233.217
552,Florian,Megany,fmeganyfb@tmall.com,Genderqueer,245.74.237.146
553,Hervey,Divisek,hdivisekfc@blog.com,Polygender,207.218.240.123
554,Letty,Tabb,ltabbfd@sphinn.com,Agender,208.55.30.185
555,Marya,Manhood,mmanhoodfe@yale.edu,Non-binary,209.13.207.235
556,Todd,Grieveson,tgrievesonff@europa.eu,Genderfluid,79.36.146.70
557,Beryl,Burlingham,bburlinghamfg@sina.com.cn,Genderqueer,119.230.72.19
558,Ertha,Frowing,efrowingfh@google.fr,Genderqueer,63.238.242.80
559,Kassie,Quodling,kquodlingfi@baidu.com,Genderqueer,247.54.6.79
560,Sheeree,Joost,sjoostfj@bloglovin.com,Agender,114.108.109.226
561,Mareah,Librey,mlibreyfk@oaic.gov.au,Female,154.16.130.43
562,Adrian,Biskupek,abiskupekfl@discovery.com,Agender,141.90.111.7
563,Conni,De Cristofalo,cdecristofalofm@people.com.cn,Bigender,92.194.212.135
564,Urbain,Pottle,upottlefn@nationalgeographic.com,Male,43.63.189.237
565,Rolph,Autrie,rautriefo@reference.com,Agender,57.213.181.42
566,Elizabet,Shipsey,eshipseyfp@clickbank.net,Genderfluid,94.245.215.134
567,Coretta,Sture,csturefq@technorati.com,Non-binary,254.238.142.155
568,Prudence,Van Bruggen,pvanbruggenfr@msn.com,Non-binary,253.117.49.126
569,Harcourt,Streeting,hstreetingfs@tripadvisor.com,Genderfluid,127.108.117.113
570,Curtis,Feldmann,cfeldmannft@webeden.co.uk,Bigender,27.91.189.206
571,Jerald,Bercevelo,jbercevelofu@netscape.com,Genderfluid,175.235.193.99
572,Meagan,Guerrin,mguerrinfv@dion.ne.jp,Genderfluid,234.21.9.96
573,Fanny,Neilus,fneilusfw@chicagotribune.com,Genderqueer,252.6.63.69
574,Dael,Riddick,driddickfx@dmoz.org,Genderfluid,109.48.225.248
575,Ruttger,Olivella,rolivellafy@amazonaws.com,Genderfluid,245.55.147.113
576,Beitris,De Carteret,bdecarteretfz@intel.com,Genderqueer,119.64.98.214
577,Marcelle,Saffill,msaffillg0@webmd.com,Genderfluid,227.224.92.195
578,Donica,Walbridge,dwalbridgeg1@boston.com,Male,158.82.233.57
579,Karl,Honnicott,khonnicottg2@amazon.com,Polygender,66.121.146.251
580,Glori,Blondell,gblondellg3@free.fr,Female,117.17.183.165
581,Shelba,Welfair,swelfairg4@list-manage.com,Genderfluid,170.153.6.89
582,Kingston,Hubball,khubballg5@sitemeter.com,Genderfluid,16.229.146.96
583,Toddy,Hulland,thullandg6@irs.gov,Agender,127.235.204.44
584,Benni,Windibank,bwindibankg7@stumbleupon.com,Agender,88.181.203.65
585,Florette,Jemison,fjemisong8@wikispaces.com,Genderqueer,36.163.255.186
586,Dorothy,Daltrey,ddaltreyg9@biglobe.ne.jp,Genderqueer,72.225.81.41
587,Lucius,Bathowe,lbathowega@ocn.ne.jp,Non-binary,150.28.125.131
588,Sonnie,Lorens,slorensgb@altervista.org,Genderfluid,245.118.4.14
589,Billi,Risman,brismangc@instagram.com,Bigender,141.240.139.150
590,Ronica,Josilowski,rjosilowskigd@cnbc.com,Bigender,94.35.247.247
591,Saleem,McCabe,smccabege@google.it,Genderfluid,6.245.238.177
592,Merv,Skippon,mskippongf@springer.com,Bigender,37.70.77.83
593,Carissa,Chittey,cchitteygg@myspace.com,Female,105.59.232.213
594,Minda,Elie,meliegh@umich.edu,Male,122.96.169.60
595,Dael,Casterou,dcasterougi@army.mil,Polygender,116.104.182.68
596,Stephannie,Saltrese,ssaltresegj@nbcnews.com,Genderqueer,135.252.50.18
597,Corty,Farlamb,cfarlambgk@dedecms.com,Polygender,3.158.24.50
598,Sindee,Hiner,shinergl@newyorker.com,Genderqueer,246.115.33.236
599,Frederique,Helian,fheliangm@dagondesign.com,Genderfluid,227.90.50.21
600,Hermann,Sendall,hsendallgn@forbes.com,Genderqueer,113.189.181.33
601,Helga,Pargetter,hpargettergo@fda.gov,Genderfluid,195.153.83.155
602,Ase,Cleyburn,acleyburngp@ehow.com,Polygender,217.101.212.112
603,Elmo,Baggallay,ebaggallaygq@lycos.com,Female,197.197.82.109
604,Frannie,Bradtke,fbradtkegr@ed.gov,Agender,109.209.183.76
605,Dionne,Shutte,dshuttegs@cpanel.net,Polygender,199.75.122.170
606,Ancell,Ickeringill,aickeringillgt@bloglovin.com,Male,18.138.134.212
607,Nelie,Couche,ncouchegu@over-blog.com,Genderfluid,172.44.27.254
608,Elisabet,Mace,emacegv@shutterfly.com,Genderqueer,225.133.214.36
609,Delano,Canwell,dcanwellgw@phpbb.com,Agender,153.26.38.31
610,Agnesse,Quinevan,aquinevangx@cbc.ca,Bigender,179.254.253.160
611,Lucas,Antecki,lanteckigy@weather.com,Male,244.39.46.30
612,Gwenora,Layson,glaysongz@java.com,Genderfluid,18.233.211.219
613,Cherida,Izzat,cizzath0@netvibes.com,Genderfluid,249.95.137.243
614,Der,Jayes,djayesh1@youtube.com,Agender,207.0.236.213
615,Winslow,Mildmott,wmildmotth2@dailymail.co.uk,Bigender,188.56.83.82
616,Burton,Disdel,bdisdelh3@rediff.com,Agender,101.210.71.252
617,Mariele,Dorling,mdorlingh4@cam.ac.uk,Polygender,212.81.254.20
618,Phyllys,Colter,pcolterh5@jimdo.com,Bigender,49.1.110.203
619,Woody,McGrory,wmcgroryh6@ow.ly,Polygender,52.190.240.122
620,Desdemona,Philson,dphilsonh7@admin.ch,Male,35.59.114.102
621,Nicol,Corness,ncornessh8@chronoengine.com,Bigender,46.191.105.145
622,Sheelah,Vacher,svacherh9@thetimes.co.uk,Polygender,97.127.18.87
623,Inge,McQuilty,imcquiltyha@icio.us,Agender,84.111.172.137
624,Glenda,Wannop,gwannophb@deviantart.com,Agender,10.148.86.38
625,Enos,Lohoar,elohoarhc@forbes.com,Male,11.126.107.104
626,Gaspard,Stanlock,gstanlockhd@dailymail.co.uk,Bigender,188.120.87.98
627,Karolina,Bowland,kbowlandhe@economist.com,Genderfluid,195.226.204.231
628,Chloette,Airton,cairtonhf@foxnews.com,Genderfluid,226.31.198.193
629,Richard,Hardwidge,rhardwidgehg@blogs.com,Bigender,173.116.142.79
630,Maison,Slobom,mslobomhh@mozilla.com,Bigender,99.89.25.92
631,Hoebart,Sigsworth,hsigsworthhi@cpanel.net,Non-binary,117.69.238.89
632,Sari,Snoddon,ssnoddonhj@slideshare.net,Non-binary,75.246.27.218
633,Della,Alwin,dalwinhk@blogspot.com,Bigender,35.207.149.31
634,Kinny,O'Fearguise,kofearguisehl@pinterest.com,Agender,78.138.206.0
635,Lorne,Patridge,lpatridgehm@msu.edu,Non-binary,149.25.221.226
636,Brandy,Bitterton,bbittertonhn@bigcartel.com,Agender,203.79.80.216
637,Louise,Klosterman,lklostermanho@usgs.gov,Male,33.250.142.251
638,Tabbi,Willsmore,twillsmorehp@dropbox.com,Female,59.169.114.13
639,Crosby,Luna,clunahq@com.com,Bigender,86.187.12.161
640,Bunny,Nichol,bnicholhr@youku.com,Female,100.79.196.146
641,Bartie,Posen,bposenhs@yellowbook.com,Non-binary,34.85.119.98
642,Ivy,Mcmanaman,imcmanamanht@t.co,Genderfluid,176.5.5.167
643,Kalindi,Seager,kseagerhu@vistaprint.com,Genderqueer,222.3.126.36
644,Lodovico,Marzelo,lmarzelohv@uiuc.edu,Polygender,242.33.174.211
645,Ulric,Benedit,ubenedithw@webs.com,Genderqueer,25.66.53.94
646,Kelcy,Maria,kmariahx@printfriendly.com,Male,163.178.92.186
647,Hermie,McNevin,hmcnevinhy@msn.com,Genderfluid,155.98.130.240
648,Johnnie,McGooch,jmcgoochhz@squidoo.com,Male,214.155.40.168
649,Roldan,Gazey,rgazeyi0@bing.com,Bigender,231.178.73.27
650,Janot,Fortun,jfortuni1@biglobe.ne.jp,Genderfluid,127.25.8.224
651,Lorenza,Bruneau,lbruneaui2@uol.com.br,Male,121.117.245.15
652,Raff,Hazel,rhazeli3@state.tx.us,Polygender,155.26.144.48
653,Ami,Luety,aluetyi4@abc.net.au,Genderqueer,192.240.40.31
654,Brandyn,Ingree,bingreei5@netvibes.com,Agender,251.204.15.146
655,Lillis,Prator,lpratori6@blinklist.com,Genderfluid,230.139.68.8
656,Hermann,Zanotti,hzanottii7@bloglovin.com,Bigender,105.221.22.135
657,Loren,Loughlin,lloughlini8@hud.gov,Polygender,51.68.25.73
658,Pearla,Serrurier,pserrurieri9@umich.edu,Bigender,122.0.225.226
659,Lita,Eykelbosch,leykelboschia@cafepress.com,Agender,125.207.238.180
660,Sybilla,Vergo,svergoib@newyorker.com,Non-binary,217.95.95.32
661,Karl,Hewkin,khewkinic@shinystat.com,Non-binary,80.237.149.158
662,Townsend,Bladesmith,tbladesmithid@linkedin.com,Non-binary,115.195.10.189
663,Aharon,Rudderham,arudderhamie@networksolutions.com,Non-binary,252.223.149.37
664,Orel,Dutnell,odutnellif@digg.com,Female,127.53.194.163
665,Kit,Ladd,kladdig@soundcloud.com,Genderqueer,161.154.134.120
666,Alden,Wayvill,awayvillih@thetimes.co.uk,Female,245.164.33.173
667,Maxwell,Ruberti,mrubertiii@delicious.com,Male,191.230.23.40
668,Nicoli,Oakman,noakmanij@shop-pro.jp,Agender,203.174.244.116
669,Rosemonde,Timson,rtimsonik@intel.com,Genderfluid,100.56.53.151
670,Brittney,Zorzutti,bzorzuttiil@exblog.jp,Agender,171.61.50.37
671,Joella,Caroll,jcarollim@ox.ac.uk,Polygender,7.224.126.4
672,Riki,Brittian,rbrittianin@histats.com,Non-binary,225.79.60.124
673,Gwenette,Larvin,glarvinio@hexun.com,Bigender,50.10.127.50
674,Gawen,McGonagle,gmcgonagleip@people.com.cn,Genderfluid,35.116.192.70
675,Ole,Faragher,ofaragheriq@state.gov,Non-binary,80.131.197.0
676,Bogey,Glinde,bglindeir@netlog.com,Agender,16.21.21.123
677,Morgan,Poulsen,mpoulsenis@reference.com,Male,181.247.89.78
678,Selene,Athridge,sathridgeit@technorati.com,Female,69.134.112.217
679,Cort,Kewish,ckewishiu@cargocollective.com,Genderfluid,251.10.190.218
680,Eldredge,Jimmison,ejimmisoniv@ehow.com,Male,67.66.45.194
681,Roxie,Knocker,rknockeriw@i2i.jp,Male,56.29.70.228
682,Agretha,McArt,amcartix@cisco.com,Agender,21.136.35.221
683,Prudence,Skettles,pskettlesiy@netscape.com,Genderfluid,198.162.254.55
684,Shoshanna,Tocknell,stocknelliz@pbs.org,Genderfluid,180.35.247.28
685,Clyve,Imlaw,cimlawj0@topsy.com,Bigender,200.28.168.23
686,Baxy,Ritelli,britellij1@salon.com,Genderfluid,67.68.231.17
687,Giles,Armstrong,garmstrongj2@godaddy.com,Bigender,184.52.240.234
688,Shanda,Killbey,skillbeyj3@wp.com,Female,49.84.128.183
689,Currey,Wilfling,cwilflingj4@geocities.jp,Female,222.41.62.238
690,Nikaniki,Alastair,nalastairj5@so-net.ne.jp,Male,21.229.36.86
691,Calvin,Jervis,cjervisj6@etsy.com,Genderqueer,132.7.93.68
692,Inez,Carefull,icarefullj7@cargocollective.com,Non-binary,122.229.115.11
693,Ferdy,Defew,fdefewj8@shareasale.com,Bigender,157.45.210.5
694,Jacquette,Stuehmeier,jstuehmeierj9@edublogs.org,Non-binary,27.129.97.191
695,Barty,Faier,bfaierja@uol.com.br,Bigender,99.101.137.115
696,Jed,Cuseck,jcuseckjb@booking.com,Female,72.244.248.223
697,Demetre,Bruyns,dbruynsjc@netvibes.com,Bigender,112.37.233.39
698,Charis,Cowmeadow,ccowmeadowjd@bandcamp.com,Female,157.15.215.2
699,Sela,Apfelmann,sapfelmannje@mit.edu,Female,137.214.245.80
700,Sargent,Kenshole,skensholejf@t-online.de,Polygender,242.54.228.145
701,Erie,Arkow,earkowjg@addtoany.com,Non-binary,215.76.200.153
702,Fabe,Chaudret,fchaudretjh@si.edu,Polygender,47.47.126.76
703,Clerkclaude,Hamilton,chamiltonji@aboutads.info,Female,145.97.112.135
704,Robbie,Pollicote,rpollicotejj@surveymonkey.com,Genderqueer,76.57.74.11
705,Sunshine,Leeke,sleekejk@yellowbook.com,Agender,241.218.30.132
706,Doroteya,Force,dforcejl@bigcartel.com,Female,164.233.109.150
707,Caryn,Pudden,cpuddenjm@163.com,Genderfluid,100.245.137.143
708,Corette,Savil,csaviljn@vistaprint.com,Bigender,36.149.160.208
709,Dietrich,Gillan,dgillanjo@shutterfly.com,Bigender,51.20.247.82
710,Antonella,Damiata,adamiatajp@pbs.org,Genderfluid,28.125.55.68
711,Rachael,Jerisch,rjerischjq@hud.gov,Polygender,146.223.71.242
712,Nealy,Goede,ngoedejr@walmart.com,Bigender,65.25.233.146
713,Ulrikaumeko,Clemas,uclemasjs@engadget.com,Genderqueer,223.196.74.166
714,Phebe,Room,proomjt@privacy.gov.au,Agender,122.195.250.18
715,Harvey,Bushel,hbushelju@elegantthemes.com,Polygender,179.184.74.43
716,Dun,Colbron,dcolbronjv@columbia.edu,Non-binary,22.26.180.147
717,Milicent,Lamperd,mlamperdjw@google.de,Genderqueer,252.46.32.17
718,Gillan,Weepers,gweepersjx@timesonline.co.uk,Female,22.180.204.17
719,Joni,Cullity,jcullityjy@artisteer.com,Non-binary,125.92.198.56
720,Waldemar,Janicki,wjanickijz@indiegogo.com,Genderfluid,201.43.127.197
721,Sampson,Boseley,sboseleyk0@twitpic.com,Agender,253.17.160.148
722,Raleigh,Mumbey,rmumbeyk1@flavors.me,Genderqueer,220.230.213.111
723,Pearla,Badini,pbadinik2@alibaba.com,Agender,245.210.255.110
724,Humfried,Foulsham,hfoulshamk3@youtu.be,Female,102.12.36.23
725,Harmon,Forryan,hforryank4@deviantart.com,Male,242.144.134.78
726,Leela,Crone,lcronek5@domainmarket.com,Bigender,166.235.97.137
727,Loretta,Shaul,lshaulk6@constantcontact.com,Bigender,73.56.210.56
728,Filbert,Hansberry,fhansberryk7@meetup.com,Polygender,196.198.217.27
729,Bertine,Tomkies,btomkiesk8@ustream.tv,Non-binary,37.189.21.185
730,Tawsha,Kells,tkellsk9@exblog.jp,Non-binary,203.174.97.97
731,Cynthy,Dwelly,cdwellyka@pinterest.com,Genderqueer,205.237.161.154
732,Cayla,Sargant,csargantkb@reverbnation.com,Bigender,226.161.37.204
733,Velma,Cordell,vcordellkc@youku.com,Non-binary,200.14.137.233
734,Steven,Winslet,swinsletkd@rediff.com,Genderqueer,164.160.14.156
735,Marlena,Rawe,mraweke@xrea.com,Female,53.94.191.222
736,Isahella,Redferne,iredfernekf@npr.org,Polygender,146.91.43.251
737,Gnni,Penrice,gpenricekg@disqus.com,Agender,203.57.49.178
738,Hayden,Caslett,hcaslettkh@economist.com,Female,234.235.149.12
739,Coralie,Cockren,ccockrenki@constantcontact.com,Male,160.110.90.40
740,Inness,Janway,ijanwaykj@forbes.com,Non-binary,37.15.81.99
741,Delmor,Pidler,dpidlerkk@businessinsider.com,Male,255.233.226.51
742,Johny,Alejandri,jalejandrikl@naver.com,Agender,173.37.197.109
743,Ardith,Betz,abetzkm@reuters.com,Male,192.147.164.243
744,Datha,Brightie,dbrightiekn@msn.com,Non-binary,69.235.175.27
745,Cal,Petru,cpetruko@oakley.com,Polygender,183.253.112.34
746,Dorine,Easman,deasmankp@globo.com,Bigender,147.228.200.213
747,Hi,Fawdrey,hfawdreykq@mozilla.org,Non-binary,18.47.114.13
748,Nadeen,Jobbings,njobbingskr@washingtonpost.com,Male,141.130.112.159
749,Jenica,Jupe,jjupeks@loc.gov,Agender,78.78.150.91
750,Alfi,Hultberg,ahultbergkt@wsj.com,Genderqueer,121.118.184.210
751,Lorie,Rummins,lrumminsku@bandcamp.com,Female,222.2.87.222
752,Konstanze,Jeves,kjeveskv@amazonaws.com,Polygender,101.37.48.137
753,Yul,Grimmett,ygrimmettkw@joomla.org,Male,32.140.162.231
754,Cassy,Barnett,cbarnettkx@hibu.com,Agender,64.100.246.208
755,Terrye,Speakman,tspeakmanky@plala.or.jp,Polygender,55.113.100.197
756,Ferne,Yelden,fyeldenkz@ameblo.jp,Agender,216.150.104.133
757,Tim,Reede,treedel0@oaic.gov.au,Agender,34.63.117.113
758,Tito,Sikora,tsikoral1@house.gov,Polygender,39.54.173.81
759,Griffy,Moors,gmoorsl2@buzzfeed.com,Polygender,244.181.30.110
760,Odell,Flockhart,oflockhartl3@ycombinator.com,Genderqueer,82.79.98.245
761,Weylin,Battell,wbattelll4@canalblog.com,Female,124.163.91.127
762,Nels,Denham,ndenhaml5@liveinternet.ru,Female,10.153.215.102
763,Alicea,Guidotti,aguidottil6@paginegialle.it,Polygender,66.101.3.18
764,Jeffie,Rogez,jrogezl7@who.int,Genderqueer,189.104.59.42
765,Dianne,Kingman,dkingmanl8@columbia.edu,Female,222.200.239.182
766,Candide,Erdely,cerdelyl9@4shared.com,Polygender,126.85.16.15
767,Henri,Larter,hlarterla@businesswire.com,Genderfluid,149.58.200.155
768,Kendricks,Gilchrist,kgilchristlb@theglobeandmail.com,Female,142.89.42.204
769,Yanaton,Siddall,ysiddalllc@ning.com,Genderqueer,252.188.222.146
770,Devora,Viollet,dviolletld@1688.com,Male,68.115.131.18
771,Hughie,Swyer-Sexey,hswyersexeyle@odnoklassniki.ru,Genderqueer,120.79.241.238
772,Skippy,Wychard,swychardlf@weibo.com,Genderfluid,35.18.169.161
773,Tony,Colloby,tcollobylg@home.pl,Genderqueer,71.191.11.40
774,Elihu,Narramor,enarramorlh@163.com,Genderfluid,108.46.197.181
775,Maryann,Dewerson,mdewersonli@ibm.com,Polygender,237.108.42.195
776,Cathrine,Von Oertzen,cvonoertzenlj@japanpost.jp,Male,245.213.150.253
777,Olvan,Hanstock,ohanstocklk@about.com,Non-binary,120.168.228.176
778,Demeter,Traviss,dtravissll@pinterest.com,Non-binary,30.19.225.71
779,Lonnard,Cassely,lcasselylm@ihg.com,Genderqueer,17.85.106.234
780,Simmonds,Stoke,sstokeln@tmall.com,Bigender,7.37.183.0
781,Sebastiano,Beloe,sbeloelo@cafepress.com,Agender,91.86.196.60
782,Jared,Kubasek,jkubaseklp@sina.com.cn,Bigender,72.230.122.116
783,Dorice,Reubbens,dreubbenslq@skyrock.com,Genderqueer,129.103.16.80
784,Crissie,Yarnold,cyarnoldlr@twitter.com,Male,77.125.113.69
785,Karla,Davidavidovics,kdavidavidovicsls@soundcloud.com,Non-binary,74.198.221.77
786,Othella,Tax,otaxlt@networksolutions.com,Polygender,77.41.127.1
787,Goran,Potter,gpotterlu@merriam-webster.com,Non-binary,13.235.13.39
788,Charley,Wankling,cwanklinglv@w3.org,Non-binary,137.173.95.112
789,Marlene,Dadd,mdaddlw@amazonaws.com,Female,171.179.123.124
790,Elayne,Rosenshine,erosenshinelx@t.co,Non-binary,140.241.61.23
791,Dru,Tunny,dtunnyly@java.com,Non-binary,191.109.157.226
792,Vincent,Kike,vkikelz@macromedia.com,Non-binary,164.32.214.213
793,Rosalind,Wetherburn,rwetherburnm0@smugmug.com,Genderfluid,208.61.104.86
794,Timmy,Medd,tmeddm1@thetimes.co.uk,Bigender,160.198.218.250
795,Emilia,Ortega,eortegam2@apache.org,Bigender,47.85.79.166
796,Butch,Denison,bdenisonm3@nature.com,Genderfluid,32.190.41.7
797,Petronia,Pate,ppatem4@cbc.ca,Genderqueer,96.135.92.247
798,Corbett,Dukesbury,cdukesburym5@constantcontact.com,Genderfluid,88.60.0.244
799,Danya,Deerness,ddeernessm6@photobucket.com,Female,197.243.98.99
800,Saundra,Jerzykiewicz,sjerzykiewiczm7@squarespace.com,Polygender,141.21.169.167
801,Ardelis,Donoher,adonoherm8@dagondesign.com,Genderqueer,192.105.86.170
802,Tab,Stealfox,tstealfoxm9@intel.com,Agender,246.30.203.115
803,Rubin,Kilgallen,rkilgallenma@amazon.co.jp,Polygender,241.136.30.7
804,Corette,Boyn,cboynmb@utexas.edu,Non-binary,74.62.8.25
805,Dukey,Pratchett,dpratchettmc@independent.co.uk,Genderfluid,54.3.17.201
806,Malorie,Potteridge,mpotteridgemd@geocities.com,Polygender,24.89.24.177
807,Merv,Elcomb,melcombme@hubpages.com,Male,59.22.243.229
808,Nathanial,Beste,nbestemf@google.com.au,Bigender,139.248.109.250
809,Russ,Milley,rmilleymg@chron.com,Non-binary,97.249.98.5
810,Loree,Blaes,lblaesmh@usatoday.com,Polygender,199.82.134.235
811,Levon,Redbourn,lredbournmi@flickr.com,Male,91.72.186.208
812,Darrin,Frushard,dfrushardmj@businesswire.com,Non-binary,79.63.190.64
813,Amble,Groundwater,agroundwatermk@yahoo.co.jp,Female,210.48.110.19
814,Bruce,Kindread,bkindreadml@live.com,Genderfluid,12.65.247.159
815,Marylin,Brixham,mbrixhammm@tamu.edu,Non-binary,247.240.235.72
816,Royall,Bavage,rbavagemn@purevolume.com,Polygender,93.255.116.9
817,Malachi,McDermott-Row,mmcdermottrowmo@imageshack.us,Polygender,25.61.99.38
818,Danielle,Cholmondeley,dcholmondeleymp@smugmug.com,Non-binary,215.181.75.157
819,Ingrid,Krause,ikrausemq@wp.com,Female,209.188.73.189
820,Miller,Gillinghams,mgillinghamsmr@shutterfly.com,Agender,145.112.194.91
821,Leigh,Paik,lpaikms@buzzfeed.com,Agender,172.72.82.50
822,Ruthe,Egentan,regentanmt@amazon.de,Female,4.84.124.255
823,Aime,Methringham,amethringhammu@usatoday.com,Genderqueer,24.19.127.221
824,Demott,Cassley,dcassleymv@networksolutions.com,Bigender,239.7.187.168
825,Susi,Royce,sroycemw@i2i.jp,Female,214.194.143.163
826,Beverlie,Gorbell,bgorbellmx@forbes.com,Bigender,132.160.224.49
827,Isidor,Bettley,ibettleymy@hp.com,Non-binary,222.209.199.24
828,Meredith,Upcraft,mupcraftmz@china.com.cn,Polygender,132.48.67.42
829,Arie,Tirkin,atirkinn0@google.ca,Genderqueer,162.160.66.37
830,Terrel,Stronge,tstrongen1@mashable.com,Bigender,67.176.135.147
831,Jae,Gilardengo,jgilardengon2@arizona.edu,Non-binary,118.147.189.51
832,Deanne,Cantu,dcantun3@joomla.org,Bigender,20.186.74.64
833,Reg,Gauntley,rgauntleyn4@github.io,Agender,64.20.231.110
834,Charo,Line,clinen5@uiuc.edu,Non-binary,104.46.229.54
835,Carl,Balchin,cbalchinn6@vistaprint.com,Bigender,231.176.154.8
836,Neal,Snipe,nsnipen7@bloglines.com,Agender,203.115.12.131
837,Marabel,Andreacci,mandreaccin8@indiatimes.com,Agender,202.166.251.155
838,Ximenes,Twigger,xtwiggern9@ucla.edu,Agender,73.52.70.209
839,Nicolais,Worton,nwortonna@aboutads.info,Female,59.75.237.128
840,Traver,Byfford,tbyffordnb@imdb.com,Bigender,218.91.222.130
841,Birgit,McLukie,bmclukienc@joomla.org,Polygender,32.109.50.104
842,Loria,Junifer,ljunifernd@jalbum.net,Genderfluid,27.248.29.144
843,Gale,Gorringe,ggorringene@narod.ru,Male,42.169.135.200
844,Major,Ruggieri,mruggierinf@google.nl,Genderfluid,254.63.72.18
845,Elsie,Pindar,epindarng@hostgator.com,Non-binary,89.163.186.17
846,Devy,Daviot,ddaviotnh@hexun.com,Bigender,224.236.88.129
847,Ethan,Keates,ekeatesni@ted.com,Genderqueer,0.44.216.22
848,Clair,O'Doireidh,codoireidhnj@webmd.com,Genderfluid,97.138.120.239
849,Dawn,Johannesson,djohannessonnk@studiopress.com,Female,250.147.90.104
850,Vale,Yglesia,vyglesianl@marketwatch.com,Agender,15.187.118.127
851,Cora,Snoden,csnodennm@ustream.tv,Bigender,185.81.146.166
852,Johnna,Hebden,jhebdennn@chronoengine.com,Agender,154.100.85.99
853,Enos,Armall,earmallno@ucsd.edu,Genderfluid,22.57.168.119
854,La verne,Pollett,lpollettnp@lulu.com,Genderfluid,229.155.159.147
855,Stephi,Stanlack,sstanlacknq@sciencedirect.com,Non-binary,42.244.231.89
856,Vidovic,Betjeman,vbetjemannr@ebay.com,Genderqueer,106.65.113.110
857,Patton,Pacitti,ppacittins@opensource.org,Polygender,231.230.54.130
858,Ina,Diviny,idivinynt@buzzfeed.com,Bigender,169.101.185.4
859,Ruby,Thon,rthonnu@amazonaws.com,Female,79.37.122.52
860,Reed,Bresner,rbresnernv@symantec.com,Genderqueer,131.213.135.42
861,Fletcher,Boxall,fboxallnw@fotki.com,Male,112.250.98.183
862,Orlando,Dimsdale,odimsdalenx@ycombinator.com,Female,147.119.21.132
863,Alden,Cockings,acockingsny@biblegateway.com,Genderfluid,126.168.36.84
864,Lon,Aylin,laylinnz@cnet.com,Male,95.44.122.226
865,Benyamin,De Bischof,bdebischofo0@netlog.com,Polygender,116.170.5.184
866,Lemmy,Goodacre,lgoodacreo1@harvard.edu,Polygender,109.118.91.164
867,Wilone,Briers,wbrierso2@github.com,Female,245.233.81.171
868,Candida,Whitcomb,cwhitcombo3@amazon.co.jp,Agender,86.104.241.138
869,Keane,Phette,kphetteo4@bloglovin.com,Female,204.118.113.3
870,Noam,Furber,nfurbero5@seesaa.net,Bigender,93.196.171.170
871,Dotty,Bever,dbevero6@globo.com,Polygender,39.197.137.24
872,Annora,Patience,apatienceo7@cnbc.com,Female,208.208.22.177
873,Esmaria,Dreier,edreiero8@wikia.com,Non-binary,198.135.27.112
874,Dory,Hobbert,dhobberto9@ameblo.jp,Non-binary,202.13.154.35
875,Wald,Chrestien,wchrestienoa@economist.com,Polygender,138.189.32.143
876,Candie,MacMenamy,cmacmenamyob@nhs.uk,Non-binary,77.231.147.229
877,Mellisent,Miroy,mmiroyoc@bloomberg.com,Agender,158.217.76.173
878,Lorenzo,Paniman,lpanimanod@dedecms.com,Polygender,217.193.227.90
879,Gustavus,Babber,gbabberoe@wikimedia.org,Genderqueer,115.88.100.29
880,Marilee,Bockmann,mbockmannof@tinyurl.com,Bigender,225.120.26.16
881,Virginia,Tisun,vtisunog@free.fr,Non-binary,54.2.237.33
882,Edee,Carnall,ecarnalloh@yellowbook.com,Male,177.206.85.210
883,Jeanne,O'Drought,jodroughtoi@canalblog.com,Genderqueer,56.53.228.226
884,Kerstin,Frigout,kfrigoutoj@pen.io,Bigender,176.166.8.180
885,Loleta,Simoncello,lsimoncellook@cbslocal.com,Female,117.200.59.142
886,Happy,Wooffinden,hwooffindenol@ning.com,Genderfluid,41.185.91.198
887,Gaven,Bliss,gblissom@youku.com,Agender,165.39.229.253
888,Clare,Verty,cvertyon@guardian.co.uk,Genderqueer,92.152.249.255
889,Chaddie,Stainburn,cstainburnoo@dot.gov,Non-binary,113.203.69.131
890,Josselyn,Ferencowicz,jferencowiczop@about.com,Non-binary,181.26.211.231
891,Roddie,Hanning,rhanningoq@independent.co.uk,Polygender,112.223.175.96
892,Shepherd,Blackham,sblackhamor@last.fm,Genderqueer,32.252.98.73
893,Galina,Donnersberg,gdonnersbergos@va.gov,Non-binary,161.81.171.89
894,Bourke,Towey,btoweyot@google.fr,Genderfluid,229.124.11.158
895,Joby,Drinkall,jdrinkallou@people.com.cn,Male,35.38.82.68
896,Hurlee,Pollington,hpollingtonov@bbb.org,Polygender,249.61.236.87
897,Ogden,Fligg,ofliggow@printfriendly.com,Bigender,250.109.126.24
898,Dewain,Wolver,dwolverox@oakley.com,Agender,218.18.241.31
899,Malvin,Denisyuk,mdenisyukoy@imgur.com,Polygender,219.123.240.144
900,Cordey,Brewers,cbrewersoz@1688.com,Female,108.77.37.77
901,Lorenzo,Ashenhurst,lashenhurstp0@washingtonpost.com,Female,80.100.79.151
902,Brody,Bottlestone,bbottlestonep1@sciencedirect.com,Non-binary,255.99.152.19
903,Ronni,Markwelley,rmarkwelleyp2@diigo.com,Genderfluid,221.155.255.173
904,Sherri,Patmore,spatmorep3@51.la,Agender,218.229.61.6
905,Lorrie,O'Skehan,loskehanp4@blog.com,Polygender,26.222.87.219
906,Dalston,Corless,dcorlessp5@networksolutions.com,Polygender,231.161.98.144
907,Melinde,Garrity,mgarrityp6@umn.edu,Non-binary,191.217.141.57
908,Sisile,Essam,sessamp7@boston.com,Non-binary,253.192.231.59
909,Misti,Nehls,mnehlsp8@amazon.co.jp,Genderfluid,57.138.241.223
910,Nedda,Punshon,npunshonp9@biblegateway.com,Agender,178.68.140.198
911,Hedwig,Hovie,hhoviepa@nationalgeographic.com,Polygender,13.36.169.45
912,Ric,Portail,rportailpb@salon.com,Bigender,162.44.36.127
913,Adelaide,Dalrymple,adalrymplepc@mashable.com,Non-binary,70.53.231.218
914,Benita,Yarranton,byarrantonpd@goodreads.com,Agender,103.126.192.10
915,Wald,Tench,wtenchpe@rakuten.co.jp,Agender,194.141.109.231
916,Ranique,Checklin,rchecklinpf@geocities.jp,Non-binary,45.129.73.132
917,Stillmann,Bartosch,sbartoschpg@yellowbook.com,Male,194.104.242.227
918,Gabrielle,Sixsmith,gsixsmithph@engadget.com,Polygender,77.6.25.124
919,Kelci,Davion,kdavionpi@businesswire.com,Polygender,215.7.119.117
920,Korey,Newey,kneweypj@altervista.org,Female,4.111.79.120
921,Leodora,Northley,lnorthleypk@etsy.com,Agender,203.119.79.251
922,Annamarie,Revell,arevellpl@ucoz.ru,Non-binary,225.42.67.232
923,Kass,Tompsett,ktompsettpm@vinaora.com,Female,181.84.81.198
924,Catlee,Lippingwell,clippingwellpn@cdc.gov,Agender,37.163.230.116
925,Cyrille,Manby,cmanbypo@mozilla.org,Bigender,26.92.98.230
926,Gualterio,Kurdani,gkurdanipp@wired.com,Female,177.217.0.227
927,Godard,McPeake,gmcpeakepq@zimbio.com,Bigender,21.79.120.182
928,Dulcia,Varne,dvarnepr@nbcnews.com,Genderqueer,48.225.245.239
929,Ulrick,Proback,uprobackps@php.net,Genderfluid,239.14.99.184
930,Rasia,Aleksandrev,raleksandrevpt@google.ru,Male,74.227.148.30
931,Elisabet,Oneal,eonealpu@epa.gov,Male,243.105.126.61
932,Jerad,Heinig,jheinigpv@prweb.com,Agender,219.250.150.225
933,Marissa,Warrior,mwarriorpw@last.fm,Male,47.56.158.213
934,Tarrah,Hablot,thablotpx@tamu.edu,Bigender,144.143.107.70
935,Noble,Mizzi,nmizzipy@harvard.edu,Genderfluid,44.211.249.248
936,Elie,Pietersma,epietersmapz@vk.com,Non-binary,178.186.88.135
937,Freemon,Mully,fmullyq0@360.cn,Genderfluid,94.143.133.173
938,Lester,Faulks,lfaulksq1@nhs.uk,Genderfluid,29.167.113.36
939,Marilee,Gellert,mgellertq2@huffingtonpost.com,Female,15.127.101.124
940,Zebulen,Hundell,zhundellq3@moonfruit.com,Genderfluid,123.168.56.219
941,Lindsay,Tommasuzzi,ltommasuzziq4@gmpg.org,Bigender,77.94.24.89
942,Corliss,Lugsdin,clugsdinq5@mac.com,Genderfluid,200.106.102.229
943,Cecilia,Gylle,cgylleq6@typepad.com,Non-binary,220.2.168.152
944,Torre,Borton,tbortonq7@amazonaws.com,Bigender,206.13.92.15
945,Alice,Rich,arichq8@shinystat.com,Agender,255.124.61.201
946,Wandis,Trembath,wtrembathq9@sun.com,Male,223.130.74.34
947,Tripp,Perigoe,tperigoeqa@google.pl,Agender,197.170.153.43
948,Gisela,Lankham,glankhamqb@google.com,Male,119.151.48.4
949,Shannah,Kettle,skettleqc@newsvine.com,Polygender,249.191.217.231
950,Sidonnie,Cannicott,scannicottqd@paginegialle.it,Polygender,249.46.196.213
951,Janek,Kubicka,jkubickaqe@mac.com,Male,181.45.149.170
952,Jillene,Crutchley,jcrutchleyqf@economist.com,Non-binary,46.169.201.34
953,Benita,Levee,bleveeqg@google.co.uk,Agender,176.191.70.11
954,Teirtza,Pauwel,tpauwelqh@imageshack.us,Genderqueer,186.103.110.50
955,Brita,McGinny,bmcginnyqi@gov.uk,Female,135.155.114.38
956,Andreana,Steedman,asteedmanqj@nymag.com,Bigender,57.22.93.228
957,Dominga,Saiens,dsaiensqk@reddit.com,Genderqueer,161.24.93.123
958,Tades,Loughney,tloughneyql@liveinternet.ru,Polygender,193.117.244.236
959,Mead,Scapelhorn,mscapelhornqm@umn.edu,Polygender,208.110.82.32
960,Phillida,Pes,ppesqn@statcounter.com,Female,48.112.57.123
961,Niccolo,Bartolozzi,nbartolozziqo@blogs.com,Female,105.34.103.78
962,Rice,Mussared,rmussaredqp@jigsy.com,Male,82.83.217.200
963,Amelina,Jesper,ajesperqq@hud.gov,Polygender,177.100.165.173
964,Sydney,Bockman,sbockmanqr@wordpress.com,Bigender,243.75.33.195
965,Loreen,McBlain,lmcblainqs@java.com,Genderqueer,1.201.229.42
966,Cally,St Louis,cstlouisqt@technorati.com,Genderfluid,57.77.117.192
967,Mommy,Reek,mreekqu@paypal.com,Female,182.4.4.117
968,Ardelle,Mumby,amumbyqv@tinypic.com,Genderqueer,209.161.80.248
969,Jemimah,Wooldridge,jwooldridgeqw@flickr.com,Male,28.220.31.27
970,Fabien,Wilstead,fwilsteadqx@alibaba.com,Polygender,226.237.32.55
971,Winifred,McFayden,wmcfaydenqy@sitemeter.com,Agender,153.135.185.110
972,Gabbie,Gapp,ggappqz@e-recht24.de,Agender,26.201.57.109
973,Dulce,Basnall,dbasnallr0@ow.ly,Female,28.53.30.220
974,Oralee,Ipsly,oipslyr1@xrea.com,Genderfluid,59.187.6.112
975,Ansell,Crowest,acrowestr2@google.co.uk,Genderfluid,160.218.129.166
976,Mace,Grisedale,mgrisedaler3@soundcloud.com,Genderfluid,254.37.233.149
977,Anastasie,Mougenel,amougenelr4@slideshare.net,Genderqueer,219.191.48.190
978,Adel,Cridge,acridger5@vinaora.com,Genderfluid,35.86.145.179
979,Bartram,Kindread,bkindreadr6@google.fr,Genderqueer,36.166.17.6
980,Geri,Mapstone,gmapstoner7@archive.org,Male,219.37.145.7
981,Mufinella,Grayston,mgraystonr8@webnode.com,Male,176.82.196.98
982,Gothart,Iwanowski,giwanowskir9@globo.com,Bigender,169.220.105.228
983,Rona,Acreman,racremanra@go.com,Agender,0.138.118.175
984,Seana,Scranny,sscrannyrb@quantcast.com,Non-binary,6.223.65.249
985,Richmound,Crew,rcrewrc@people.com.cn,Bigender,35.214.187.38
986,Janek,Crace,jcracerd@abc.net.au,Genderfluid,201.23.161.147
987,Allix,Gayden,agaydenre@google.fr,Female,106.166.15.218
988,Gil,Milier,gmilierrf@ca.gov,Female,72.59.169.224
989,Edan,Nand,enandrg@clickbank.net,Genderqueer,63.177.103.127
990,Osmund,Tiner,otinerrh@pagesperso-orange.fr,Polygender,141.110.170.5
991,Jorgan,Cauderlie,jcauderlieri@ustream.tv,Agender,215.211.226.184
992,Chastity,Slaymaker,cslaymakerrj@guardian.co.uk,Agender,24.137.66.16
993,Laney,Sigfrid,lsigfridrk@tuttocitta.it,Genderfluid,106.160.4.37
994,Lisbeth,Costard,lcostardrl@economist.com,Bigender,194.62.128.41
995,Gerda,Korn,gkornrm@kickstarter.com,Non-binary,125.12.7.85
996,Joete,Dinis,jdinisrn@army.mil,Male,222.62.238.65
997,Kati,Searjeant,ksearjeantro@bloglovin.com,Genderfluid,203.246.9.21
998,Willdon,Demelt,wdemeltrp@tamu.edu,Genderqueer,104.147.238.63
999,Klement,Bradder,kbradderrq@artisteer.com,Female,77.122.45.68
1000,Archambault,Adolfson,aadolfsonrr@topsy.com,Genderqueer,34.254.254.94
